{
  "transform": [
    [
      -6.079673767089844e-06,
      -0.00016168906586244702,
      1.0,
      18.666540145874023
    ],
    [
      -0.00016168906586244702,
      1.0,
      0.0001616880763322115,
      -27.51039695739746
    ],
    [
      -1.0,
      -0.0001616880763322115,
      -6.079673767089844e-06,
      -2.9981088638305664
    ]
  ],
  "scale": 0.012666511788460594
}