{
  "experiment_name": "data-videos-ohma_electra-33",
  "method_name": "vanilla-nerf",
  "checkpoint": "outputs/data-videos-ohma_electra-33/vanilla-nerf/2022-12-08_132103/nerfstudio_models/step-000874000.ckpt",
  "results": {
    "psnr": 11.828714370727539,
    "coarse_psnr": 11.764687538146973,
    "fine_psnr": 11.828714370727539,
    "fine_ssim": 0.37219521403312683,
    "fine_lpips": 0.8363274335861206,
    "num_rays_per_sec": 38787.37109375,
    "fps": 0.07482133060693741
  }
}